{"inputUnits":[63],"outputUnits":3,"inputs":{"0":{"dtype":"number","min":0.08907517045736313,"max":0.8467317223548889},"1":{"dtype":"number","min":0.3061644434928894,"max":0.6945003271102905},"2":{"dtype":"number","min":-2.1139145189863484e-7,"max":4.729828049221396e-7},"3":{"dtype":"number","min":0.11506632715463638,"max":0.8318232893943787},"4":{"dtype":"number","min":0.25272607803344727,"max":0.683808445930481},"5":{"dtype":"number","min":-0.03098594956099987,"max":0.012995381839573383},"6":{"dtype":"number","min":0.12674210965633392,"max":0.835555374622345},"7":{"dtype":"number","min":0.20353755354881287,"max":0.7196765542030334},"8":{"dtype":"number","min":-0.047069888561964035,"max":0.012860828079283237},"9":{"dtype":"number","min":0.12764059007167816,"max":0.8605086803436279},"10":{"dtype":"number","min":0.1703035980463028,"max":0.7576093673706055},"11":{"dtype":"number","min":-0.06221233308315277,"max":0.007458182983100414},"12":{"dtype":"number","min":0.12272853404283524,"max":0.8785147070884705},"13":{"dtype":"number","min":0.14246143400669098,"max":0.7831840515136719},"14":{"dtype":"number","min":-0.0771971121430397,"max":0.0038669523783028126},"15":{"dtype":"number","min":0.08501051366329193,"max":0.8739837408065796},"16":{"dtype":"number","min":0.16994322836399078,"max":0.7771841287612915},"17":{"dtype":"number","min":-0.049428440630435944,"max":0.01045636273920536},"18":{"dtype":"number","min":0.09858950227499008,"max":0.9184244275093079},"19":{"dtype":"number","min":0.11717896908521652,"max":0.8485938906669617},"20":{"dtype":"number","min":-0.07230480760335922,"max":0.003632458858191967},"21":{"dtype":"number","min":0.08093040436506271,"max":0.9443073272705078},"22":{"dtype":"number","min":0.08188389241695404,"max":0.8848813772201538},"23":{"dtype":"number","min":-0.0906304121017456,"max":-0.00047678177361376584},"24":{"dtype":"number","min":0.06099768728017807,"max":0.9639569520950317},"25":{"dtype":"number","min":0.05415460467338562,"max":0.9111596345901489},"26":{"dtype":"number","min":-0.10109236091375351,"max":-0.002047038869932294},"27":{"dtype":"number","min":0.07571496814489365,"max":0.8751742243766785},"28":{"dtype":"number","min":0.17469650506973267,"max":0.7918557524681091},"29":{"dtype":"number","min":-0.04664890095591545,"max":0.003420840483158827},"30":{"dtype":"number","min":0.09208356589078903,"max":0.9234423041343689},"31":{"dtype":"number","min":0.11030557006597519,"max":0.867412269115448},"32":{"dtype":"number","min":-0.06407079845666885,"max":-0.0033985546324402094},"33":{"dtype":"number","min":0.07015691697597504,"max":0.952748715877533},"34":{"dtype":"number","min":0.07160186022520065,"max":0.9052940607070923},"35":{"dtype":"number","min":-0.07221110165119171,"max":-0.007351991720497608},"36":{"dtype":"number","min":0.049209028482437134,"max":0.9740517139434814},"37":{"dtype":"number","min":0.042282670736312866,"max":0.9330313801765442},"38":{"dtype":"number","min":-0.07759604603052139,"max":-0.008320356719195843},"39":{"dtype":"number","min":0.07346753776073456,"max":0.8895444869995117},"40":{"dtype":"number","min":0.18805035948753357,"max":0.8017449975013733},"41":{"dtype":"number","min":-0.04732754826545715,"max":-0.0003202470834366977},"42":{"dtype":"number","min":0.09546038508415222,"max":0.9066357016563416},"43":{"dtype":"number","min":0.1511029154062271,"max":0.869539737701416},"44":{"dtype":"number","min":-0.06328194588422775,"max":-0.008544953539967537},"45":{"dtype":"number","min":0.11725722998380661,"max":0.9007852077484131},"46":{"dtype":"number","min":0.1813524216413498,"max":0.9028499126434326},"47":{"dtype":"number","min":-0.0655151903629303,"max":-0.010335908271372318},"48":{"dtype":"number","min":0.1278989017009735,"max":0.8921393156051636},"49":{"dtype":"number","min":0.19929823279380798,"max":0.9268292188644409},"50":{"dtype":"number","min":-0.06517089158296585,"max":-0.004829077050089836},"51":{"dtype":"number","min":0.07646358013153076,"max":0.9045244455337524},"52":{"dtype":"number","min":0.20608553290367126,"max":0.8043088912963867},"53":{"dtype":"number","min":-0.05027651786804199,"max":0.003154895268380642},"54":{"dtype":"number","min":0.09706488251686096,"max":0.9171068668365479},"55":{"dtype":"number","min":0.17787659168243408,"max":0.8575438857078552},"56":{"dtype":"number","min":-0.061880696564912796,"max":-0.003303538542240858},"57":{"dtype":"number","min":0.11049021780490875,"max":0.9114488363265991},"58":{"dtype":"number","min":0.19966767728328705,"max":0.8893193006515503},"59":{"dtype":"number","min":-0.0636519268155098,"max":-0.007478330284357071},"60":{"dtype":"number","min":0.11786675453186035,"max":0.9038516879081726},"61":{"dtype":"number","min":0.21913594007492065,"max":0.9139204621315002},"62":{"dtype":"number","min":-0.0641939714550972,"max":0.00009506718924967572}},"outputs":{"0":{"dtype":"string","min":0,"max":1,"uniqueValues":["holstered","drawn","fired"],"legend":{"holstered":[1,0,0],"drawn":[0,1,0],"fired":[0,0,1]}}},"isNormalized":true}