{"inputUnits":[63],"outputUnits":3,"inputs":{"0":{"dtype":"number","min":0.28795069456100464,"max":0.7241426110267639},"1":{"dtype":"number","min":0.16448728740215302,"max":0.7877326607704163},"2":{"dtype":"number","min":-3.6994237007093034e-7,"max":7.824743306628079e-7},"3":{"dtype":"number","min":0.2744115889072418,"max":0.7659669518470764},"4":{"dtype":"number","min":0.1288459300994873,"max":0.7226486206054688},"5":{"dtype":"number","min":-0.07258031517267227,"max":0.018990855664014816},"6":{"dtype":"number","min":0.23689332604408264,"max":0.8206495046615601},"7":{"dtype":"number","min":0.07444640249013901,"max":0.6724796891212463},"8":{"dtype":"number","min":-0.11664240807294846,"max":0.013147461228072643},"9":{"dtype":"number","min":0.19501763582229614,"max":0.8647562861442566},"10":{"dtype":"number","min":0.028516866266727448,"max":0.6553065180778503},"11":{"dtype":"number","min":-0.14500771462917328,"max":0.007009787485003471},"12":{"dtype":"number","min":0.15430127084255219,"max":0.8880553245544434},"13":{"dtype":"number","min":-0.02365642786026001,"max":0.6593618988990784},"14":{"dtype":"number","min":-0.17183919250965118,"max":0.002095054602250457},"15":{"dtype":"number","min":0.17235442996025085,"max":0.8557122945785522},"16":{"dtype":"number","min":0.07432811707258224,"max":0.7125691771507263},"17":{"dtype":"number","min":-0.12350230664014816,"max":-0.003754905192181468},"18":{"dtype":"number","min":0.11939141154289246,"max":0.9373421669006348},"19":{"dtype":"number","min":0.050442568957805634,"max":0.7108336091041565},"20":{"dtype":"number","min":-0.15815334022045135,"max":-0.012788756750524044},"21":{"dtype":"number","min":0.08719035238027573,"max":0.9847211241722107},"22":{"dtype":"number","min":0.01736554503440857,"max":0.7114047408103943},"23":{"dtype":"number","min":-0.176992267370224,"max":-0.021157177165150642},"24":{"dtype":"number","min":0.05623050779104233,"max":1.0206794738769531},"25":{"dtype":"number","min":-0.0256892591714859,"max":0.7256624698638916},"26":{"dtype":"number","min":-0.1913279891014099,"max":-0.027392111718654633},"27":{"dtype":"number","min":0.1671464890241623,"max":0.8549439907073975},"28":{"dtype":"number","min":0.11185002326965332,"max":0.7707645297050476},"29":{"dtype":"number","min":-0.11090172827243805,"max":-0.009121866896748543},"30":{"dtype":"number","min":0.10757826268672943,"max":0.9477000832557678},"31":{"dtype":"number","min":0.09109115600585938,"max":0.7780401706695557},"32":{"dtype":"number","min":-0.15730206668376923,"max":-0.01652943715453148},"33":{"dtype":"number","min":0.07067450881004333,"max":0.9965962171554565},"34":{"dtype":"number","min":0.07581451535224915,"max":0.7773284912109375},"35":{"dtype":"number","min":-0.1750999391078949,"max":-0.02420959062874317},"36":{"dtype":"number","min":0.038725778460502625,"max":1.031742811203003},"37":{"dtype":"number","min":0.060047805309295654,"max":0.7806674838066101},"38":{"dtype":"number","min":-0.18936723470687866,"max":-0.030436666682362556},"39":{"dtype":"number","min":0.17608137428760529,"max":0.8463837504386902},"40":{"dtype":"number","min":0.1647210419178009,"max":0.8255541920661926},"41":{"dtype":"number","min":-0.11333844065666199,"max":-0.008995315060019493},"42":{"dtype":"number","min":0.14056363701820374,"max":0.9160068035125732},"43":{"dtype":"number","min":0.1824251115322113,"max":0.8377106785774231},"44":{"dtype":"number","min":-0.1472884565591812,"max":-0.017857544124126434},"45":{"dtype":"number","min":0.1836731880903244,"max":0.8960159420967102},"46":{"dtype":"number","min":0.19226829707622528,"max":0.8329503536224365},"47":{"dtype":"number","min":-0.14612789452075958,"max":-0.025612862780690193},"48":{"dtype":"number","min":0.21911603212356567,"max":0.8696935772895813},"49":{"dtype":"number","min":0.1904887855052948,"max":0.8294677734375},"50":{"dtype":"number","min":-0.15387801826000214,"max":-0.016690339893102646},"51":{"dtype":"number","min":0.19253304600715637,"max":0.8325032591819763},"52":{"dtype":"number","min":0.22137561440467834,"max":0.8727462291717529},"53":{"dtype":"number","min":-0.11703602969646454,"max":0.007861833088099957},"54":{"dtype":"number","min":0.1642606556415558,"max":0.8866318464279175},"55":{"dtype":"number","min":0.23449167609214783,"max":0.8836205005645752},"56":{"dtype":"number","min":-0.1381446272134781,"max":0.0019309697672724724},"57":{"dtype":"number","min":0.19653689861297607,"max":0.8716667890548706},"58":{"dtype":"number","min":0.2351425290107727,"max":0.8815815448760986},"59":{"dtype":"number","min":-0.14620725810527802,"max":-0.004259624518454075},"60":{"dtype":"number","min":0.22631369531154633,"max":0.8513862490653992},"61":{"dtype":"number","min":0.22272595763206482,"max":0.8823592662811279},"62":{"dtype":"number","min":-0.15484939515590668,"max":0.003208212787285447}},"outputs":{"0":{"dtype":"string","min":0,"max":1,"uniqueValues":["holstered","drawn","fired"],"legend":{"holstered":[1,0,0],"drawn":[0,1,0],"fired":[0,0,1]}}},"isNormalized":true}